before_exam_125_Hz,before_exam_250_Hz,before_exam_500_Hz,before_exam_1000_Hz,before_exam_2000_Hz,before_exam_4000_Hz,before_exam_8000_Hz
0.13953488372093023,0.4883720930232558,0.6627906976744186,0.5930232558139535,0.6162790697674418,0.0,1.0
